Título,Compositor,Época,Género,Formato vocal,Acompañamiento,Idioma,Dificultad,Ediciones,PDFs,MIDIs,IMSLP URL
A Gaelic Blessing,John Rutter,,,SATB,,,,0,0,0,
A la nanita nana,Tradicional española,Tradicional,Villancico,SATB,,Español,,1,1,0,
A tu lado,Javier Busto,Contemporánea,Repertorio del coro (piloto),SATB/variable,A cappella / acompañado,Varios,Por definir,1,0,4,
Abendlied,J. Rheinberger,Romanticismo,Repertorio del coro (piloto),SATB/variable,A cappella / acompañado,Varios,Por definir,1,1,4,https://imslp.org/wiki/Abendlied_%28Rheinberger%2C_Josef_Gabriel%29
Adagio (arr. coral),Tomaso Albinoni,Barroco,Instrumental,SATB,,Latín,,1,1,0,
Adeste Fideles,Tradicional austríaca,Tradicional,Repertorio del coro (piloto),SATB/variable,A cappella / acompañado,Varios,Por definir,1,1,4,
Agnus Dei,Dante Andreo,Siglo XX,Repertorio del coro (piloto),SATB/variable,A cappella / acompañado,Varios,Por definir,1,1,4,
Al filo de media noche,Anónimo,Contemporáneo,Religioso,SATB,,Español,,1,1,0,
Aleluya,Anónimo,Tradicional,Repertorio del coro (piloto),SATB/variable,A cappella / acompañado,Varios,Por definir,1,0,4,
Alfonsina y el Mar,Ariel Ramírez,Siglo XX,Canción,SATB,,Español,,1,2,0,
All you need is love,The Betahles,Siglo XX,Repertorio del coro (piloto),SATB/variable,A cappella / acompañado,Varios,Por definir,1,0,4,
Alleluia,William Boyce,Barroco,Repertorio del coro (piloto),SATB/variable,A cappella / acompañado,Varios,Por definir,1,2,4,
Alma de Dios (Canción húngara),José Serrano,Romanticismo,Zarzuela,SATB,,Español,,1,1,0,
"Alma, corazón y vida",Anónimo,Contemporáneo,Popular,SATB,,Español,,1,1,0,
Amor de mi alma,Z. Randall Stroope,,,SATB,,,,0,0,0,
Anima Christi,P. Frisina,Siglo XX,Repertorio del coro (piloto),SATB/variable,A cappella / acompañado,Varios,Por definir,1,0,4,
April is in my mistress face,Thomas Morley,,,SATB,,,,0,0,0,https://imslp.org/wiki/April_Is_in_My_Mistress%27_Face_%28Morley%2C_Thomas%29
As Vesta was from Latmos hill descending,Thomas Weelkes,,,SATB,,,,0,0,0,https://imslp.org/wiki/As_Vesta_Was%2C_from_Latmos_Hill_Descending_%28Weelkes%2C_Thomas%29
Ave Maria,Franz Schubert,,,SATB,,,,1,2,0,https://imslp.org/wiki/Ave_Maria%2C_D.839_%28Schubert%2C_Franz%29
Ave Maria,Giulio Caccini,Renacimiento,Motete,SATB,,Latín,,1,1,0,
Ave Maria,Anton Bruckner,,,SATB,,,,0,0,0,https://imslp.org/wiki/Ave_Maria%2C_WAB_6_%28Bruckner%2C_Anton%29
Ave María,Padre Soler,Barroco,Motete,SATB,,Latín,,1,1,0,
Ave María,Tomás Luis de Victoria,Renacimiento,Repertorio del coro (piloto),SATB/variable,A cappella / acompañado,Varios,Por definir,1,3,4,https://imslp.org/wiki/Ave_Maria_for_8_Voices_%28Victoria%2C_Tom%C3%A1s_Luis_de%29
Ave María (Motete),Hilarión Eslava,Romanticismo,Motete,SATB,,Latín,,1,2,0,
Ave Verum,W.A. Mozart,Clasicismo,Repertorio del coro (piloto),SATB/variable,A cappella / acompañado,Varios,Por definir,1,1,4,https://imslp.org/wiki/Ave_verum_corpus%2C_K.618_%28Mozart%2C_Wolfgang_Amadeus%29
Ave maris stella,Josquin des Prez,,,SATB,,,,0,0,0,
Ave verum corpus,William Byrd,,,SATB,,,,0,0,0,https://imslp.org/wiki/Ave_verum_corpus%2C_T_92_%28Byrd%2C_William%29
Ave verum corpus,Wolfgang Amadeus Mozart,,,SATB,,,,0,0,0,https://imslp.org/wiki/Ave_verum_corpus%2C_K.618_%28Mozart%2C_Wolfgang_Amadeus%29
Ave verum corpus,Edward Elgar,,,SATB,,,,0,0,0,https://imslp.org/wiki/Ave_verum_corpus_%28Elgar%2C_Edward%29
Ave verum corpus,Camille Saint-Saëns,,,SATB,,,,0,0,0,
Ave verum corpus,Francis Poulenc,,,SATB,,,,0,0,0,https://imslp.org/wiki/Ave_verum_corpus%2C_FP_154_%28Poulenc%2C_Francis%29
Ay mi morena,Moreno Torroba,Zarzuela,Repertorio del coro (piloto),SATB/variable,A cappella / acompañado,Varios,Por definir,1,0,0,
Ay triste que vengo,Cancionero de Upsala,Renacimiento,Repertorio del coro (piloto),SATB/variable,A cappella / acompañado,Varios,Por definir,1,0,0,
Bella Lola,Anónimo,Contemporáneo,Popular,SATB,,Español,,1,1,0,
Benedicta es tu,Hilarión Eslava,Romanticismo,Motete,SATB,,Latín,,1,1,0,
Benedictus,Lorenzo Perosi,Romanticismo,Repertorio del coro (piloto),SATB/variable,A cappella / acompañado,Varios,Por definir,1,2,0,
"Boga, boga",Popular Vasca,Tradicional,Repertorio del coro (piloto),SATB/variable,A cappella / acompañado,Varios,Por definir,1,2,0,
Bogoroditse Devo,Sergei Rachmaninoff,Romanticismo,Repertorio del coro (piloto),SATB/variable,A cappella / acompañado,Varios,Por definir,1,0,0,
Brindis,W.A. Mozart,Clasicismo,Repertorio del coro (piloto),SATB/variable,A cappella / acompañado,Varios,Por definir,1,0,0,
Caballero de Gracia,Federico Chueca,Zarzuela,Repertorio del coro (piloto),SATB/variable,A cappella / acompañado,Varios,Por definir,1,0,0,
Cantata extremeña de la Vera Baja,García Muñoz,Contemporáneo,Cantata,SATB,,Español,,1,2,0,
Canticorum Iubilo,G.F. Händel,Barroco,Repertorio del coro (piloto),SATB/variable,A cappella / acompañado,Varios,Por definir,1,0,0,
"Cerca de ti, Señor",Tradicional inglés,Tradicional,Repertorio del coro (piloto),SATB/variable,A cappella / acompañado,Varios,Por definir,1,0,0,
Christus factus est,Anton Bruckner,,,SATB,,,,0,0,0,https://imslp.org/wiki/Christus_factus_est%2C_WAB_11_%28Bruckner%2C_Anton%29
"Come, sweet death",Johann Sebastian Bach,,,SATB,,,,0,0,0,
Con qué la lavaré,Cancionero de Uppsala,Renacimiento,Repertorio del coro (piloto),SATB/variable,A cappella / acompañado,Varios,Por definir,1,0,0,
Confirma hoc Deus,George Frideric Handel,,,SATB,,,,0,0,0,
Confutatis (Réquiem),W.A. Mozart,Clasicismo,Réquiem,SATB,,Latín,,1,1,0,
Contrapunto,Anónimo,Contemporáneo,Ejercicio,SATB,,Español,,1,1,0,
Coro de la Amistad,Anónimo,Contemporáneo,Popular,SATB,,Español,,1,1,0,
Coro de los Repatriados,Anónimo,Contemporáneo,Popular,SATB,,Español,,1,2,0,
Coro de los Románticos,Anónimo,Romanticismo,Popular,SATB,,Español,,1,1,0,
Crucifixus,Antonio Lotti,,,SATB,,,,0,0,0,https://imslp.org/wiki/Crucifixus_a_10_voci_%28Lotti%2C_Antonio%29
Da pacem,Domine Melchior Franck,Renacimiento,Repertorio del coro (piloto),SATB/variable,A cappella / acompañado,Varios,Por definir,1,0,0,https://imslp.org/wiki/Da_pacem_Domine_in_diebus_nostris_%28Franck%2C_Melchior%29
Da pacem Domine,Arvo Pärt,,,SATB,,,,0,0,0,
Da pacem Domine,Melchior Franck,,,SATB,,,,0,0,0,https://imslp.org/wiki/Da_pacem_Domine_in_diebus_nostris_%28Franck%2C_Melchior%29
Dadme albricias,Cancionero de Palacio,Renacimiento,Repertorio del coro (piloto),SATB/variable,A cappella / acompañado,Varios,Por definir,1,1,0,
Der Geist hilft unser Schwachheit auf,Johann Sebastian Bach,,,SATB,,,,0,0,0,https://imslp.org/wiki/Der_Geist_hilft_unser_Schwachheit_auf%2C_BWV_226_%28Bach%2C_Johann_Sebastian%29
Dime niño,Anónimo,Contemporáneo,Villancico,SATB,,Español,,1,1,0,
Dixit Dominus,George Frideric Handel,,,SSATB,,,,0,0,0,https://imslp.org/wiki/Dixit_Dominus%2C_HWV_232_%28Handel%2C_George_Frideric%29
Domine deus,J. Haydn,Clasicismo,Repertorio del coro (piloto),SATB/variable,A cappella / acompañado,Varios,Por definir,1,1,0,
"Dona la pace,",Signore Dino Stella,Siglo XX,Repertorio del coro (piloto),SATB/variable,A cappella / acompañado,Varios,Por definir,1,0,0,
Dona nobis pacem,W.A. Mozart,Clasicismo,Repertorio del coro (piloto),SATB/variable,A cappella / acompañado,Varios,Por definir,1,0,0,
"Du Lebensfürst, Herr Jesu Christ",J.S. Bach,Barroco,Coral,SATB,,Alemán,,1,1,0,
Duo Seraphim,Tomás Luis de Victoria,,,SATB,,,,0,0,0,https://imslp.org/wiki/Duo_Seraphim_clamabant_%28Victoria%2C_Tom%C3%A1s_Luis_de%29
Ecce sacerdos magnus,Anton Bruckner,,,SATB,,,,0,0,0,https://imslp.org/wiki/Ecce_sacerdos_magnus%2C_WAB_13_%28Bruckner%2C_Anton%29
Ego sum panis vivus,Giovanni Pierluigi da Palestrina,,,SATB,,,,0,0,0,https://imslp.org/wiki/Ego_sum_panis_vivus%2C_PdPWV_Mot182_%28Palestrina%2C_Giovanni_Pierluigi_da%29
Ehre sei Gott in der Höhe,Felix Mendelssohn,,,SATB,,,,0,0,0,https://imslp.org/wiki/Ehre_sei_Gott_in_der_H%C3%B6he%2C_WoO_26_%28Mendelssohn%2C_Felix%29
El Rabadán,Tradicional de Extremadura,Tradicional,Repertorio del coro (piloto),SATB/variable,A cappella / acompañado,Varios,Por definir,1,1,0,
Emendemus in melius,Cristóbal de Morales,,,SATB,,,,0,0,0,https://imslp.org/wiki/Emendemus_in_melius_%28Morales%2C_Crist%C3%B3bal_de%29
Et incarnatus est,Wolfgang Amadeus Mozart,,,SATB,,,,1,1,0,
Even when He is silent,Kim André Arnesen,,,SATB,,,,0,0,0,
Exsultate justi,Ludovico Grossi da Viadana,,,SATB,,,,0,0,0,
Fac ut portem,Giovanni Battista Pergolesi,,,SA,,,,0,0,0,
Faire is the Heaven,William H. Harris,,,SSAATTBB,,,,0,0,0,
For the Beauty of the Earth,John Rutter,,,SATB,,,,0,0,0,
Gatatumba,Popular de Andalucía,Tradicional,Repertorio del coro (piloto),SATB/variable,A cappella / acompañado,Varios,Por definir,1,0,0,
Gaudeamus Igitur,Himno Universitario,Tradicional,Repertorio del coro (piloto),SATB/variable,A cappella / acompañado,Varios,Por definir,1,1,0,
Give unto the Lord,Edward Elgar,,,SATB,,,,0,0,0,https://imslp.org/wiki/Give_unto_the_Lord%2C_Op.74_%28Elgar%2C_Edward%29
Gloria,Antonio Vivaldi,,,SATB,,,,1,2,0,https://imslp.org/wiki/Gloria_in_D_major%2C_RV_589_%28Vivaldi%2C_Antonio%29
Gloria,John Rutter,,,SATB,,,,0,0,0,
God Be in My Head,John Rutter,,,SATB,,,,0,0,0,
God is gone up,Gerald Finzi,,,SATB,,,,0,0,0,https://imslp.org/wiki/God_is_Gone_Up_%28Finzi%2C_Gerald%29
Graduale,Anónimo,Contemporáneo,Religioso,SATB,,Latín,,1,1,0,
Greater Love Hath No Man,John Ireland,,,SATB,,,,0,0,0,https://imslp.org/wiki/Greater_Love_Hath_No_Man_%28Ireland%2C_John%29
Habanera (Don Gil de Alcalá),Manuel Penella,Siglo XX,Zarzuela,SATB,,Español,,1,1,0,
Hail Holy Queen,M. Shaimann,Contemporáneo,Religioso,SATB,,Inglés,,1,1,0,
Hallelujah (Messiah),George Frideric Handel,,,SATB,,,,1,1,0,
"Hallelujah (Mesías, versión bodas)",G.F. Handel,Barroco,Oratorio,SATB,,Inglés,,1,1,0,
"Hark, all ye lovely saints above",Thomas Weelkes,,,SATB,,,,0,0,0,https://imslp.org/wiki/Hark%2C_All_Ye_Lovely_Saints_Above_%28Weelkes%2C_Thomas%29
Hear My Prayer,Felix Mendelssohn,,,SATB,,,,0,0,0,https://imslp.org/wiki/Hear_My_Prayer_%28Mendelssohn%2C_Felix%29
Himno Centenario de Covadonga,Tradicional,Tradicional,Himno,SATB,,Español,,1,1,0,
Hoy comamos y bebamos,Cancionero de Palacio,Renacimiento,Repertorio del coro (piloto),SATB/variable,A cappella / acompañado,Varios,Por definir,1,0,0,
If ye love me,Thomas Tallis,,,SATB,,,,0,0,0,https://imslp.org/wiki/If_Ye_Love_Me_%28Tallis%2C_Thomas%29
In Monte Oliveti,Jouzas Naujalis,Siglo XX,Repertorio del coro (piloto),SATB/variable,A cappella / acompañado,Varios,Por definir,1,0,0,https://imslp.org/wiki/In_monte_Oliveti_%28Naujalis%2C_Jouzas%29
In Stiller Nacht,Johannes Brahms,,,SATB,,,,0,0,0,
In dulci jubilo,Robert Lucas de Pearsall,,,SSAATTBB,,,,0,0,0,
In paradisum,Gabriel Fauré,,,SATB,,,,0,0,0,
Insanae et vanae curae,Joseph Haydn,,,SATB,,,,0,0,0,
Jesu Rex admirabilis,Giovanni Pierluigi da Palestrina,,,SATB,,,,0,0,0,https://imslp.org/wiki/Jesu%21_Rex_admirabilis_%28Palestrina%2C_Giovanni_Pierluigi_da%29
"Jesu, joy of man's desiring",Johann Sebastian Bach,,,SATB,,,,1,1,0,https://imslp.org/wiki/Jesu%2C_joy_of_man%27s_desiring_%28Bach%2C_Johann_Sebastian%29
Jesus Bleibet meine,Freude J.S. Bach,Barroco,Repertorio del coro (piloto),SATB/variable,A cappella / acompañado,Varios,Por definir,1,1,0,
Jota de La Dolores,Tomás Bretón,Zarzuela,Repertorio del coro (piloto),SATB/variable,A cappella / acompañado,Varios,Por definir,1,0,0,
Justorum animae,William Byrd,,,SATB,,,,0,0,0,https://imslp.org/wiki/Justorum_animae_%28Byrd%2C_William%29
Kalinka,Tradicional rusa,Tradicional,Repertorio del coro (piloto),SATB/variable,A cappella / acompañado,Varios,Por definir,1,0,0,
Kyrie,Leónidas Abaris,Siglo XX,Repertorio del coro (piloto),SATB/variable,A cappella / acompañado,Varios,Por definir,1,0,0,
Kyrie (Misa KV49),Wolfgang Amadeus Mozart,,,SATB,,,,0,0,0,
Kyrie (Missa Brevis),Giovanni Pierluigi da Palestrina,,,SATB,,,,0,0,0,
Kyrie (Missa Papae Marcelli),Giovanni Pierluigi da Palestrina,,,SATB,,,,0,0,0,
La Bella y el Pobre (Fuga),Anónimo,Contemporáneo,Popular,SATB,,Español,,1,1,0,
La Borrachita,Tata Nacho,Tradicional,Repertorio del coro (piloto),SATB/variable,A cappella / acompañado,Varios,Por definir,1,0,0,
La Verbena de la Paloma,Tomás Bretón,Romanticismo,Zarzuela,SATB,,Español,,1,1,0,
La del Soto del Parral,Soutullo y Vert,Romanticismo,Zarzuela,SATB,,Español,,1,1,0,
La muerte no es el final,Cesáreo Gabaráin Azurmendi,Siglo XX,Repertorio del coro (piloto),SATB/variable,A cappella / acompañado,Varios,Por definir,1,0,0,
Lacrymosa,W.A. Mozart,Clasicismo,Repertorio del coro (piloto),SATB/variable,A cappella / acompañado,Varios,Por definir,1,2,0,
Lascia ch'io pianga,G.F. Häendel,Barroco,Repertorio del coro (piloto),SATB/variable,A cappella / acompañado,Varios,Por definir,1,0,0,
Laudate Dominum,Wolfgang Amadeus Mozart,,,SATB,,,,0,0,0,
Laudate Dominum,Charles Gounod,,,SATB,,,,0,0,0,
Laudate Dominum,Antonio Vivaldi,,,SATB,,,,0,0,0,https://imslp.org/wiki/Laudate_Dominum%2C_RV_606_%28Vivaldi%2C_Antonio%29
Laudate Pueri Dominum,Felix Mendelssohn,,,SATB,,,,0,0,0,
Le Cantique de Jean Racine,Gabriel Fauré,Romanticismo,Repertorio del coro (piloto),SATB/variable,A cappella / acompañado,Varios,Por definir,1,2,0,
Les anges dans nos campagnes,Tradicional francés,Tradicional,Repertorio del coro (piloto),SATB/variable,A cappella / acompañado,Varios,Por definir,1,0,0,
"Lo, the full, final sacrifice",Gerald Finzi,,,SATB,,,,0,0,0,https://imslp.org/wiki/Lo%2C_the_full%2C_final_sacrifice%2C_Op.26_%28Finzi%2C_Gerald%29
Locus Iste,Anton Bruckner,Romanticismo,Repertorio del coro (piloto),SATB/variable,A cappella / acompañado,Varios,Por definir,1,0,0,https://imslp.org/wiki/Locus_iste%2C_WAB_23_%28Bruckner%2C_Anton%29
Los Campanilleros,Tradicional de Andalucía,Tradicional,Repertorio del coro (piloto),SATB/variable,A cappella / acompañado,Varios,Por definir,1,0,0,
Los Sobrinos del Capitán Grant,M. Fernández Caballero,Zarzuela,Repertorio del coro (piloto),SATB/variable,A cappella / acompañado,Varios,Por definir,1,0,0,
Los vareadores,Anónimo,Contemporáneo,Popular,SATB,,Español,,1,1,0,
Lux Aeterna,Morten Lauridsen,,,SATB,,,,0,0,0,
Lux Aeterna,Edward Elgar,,,SATB,,,,0,0,0,
Lux Aurumque,Eric Whitacre,,,SATB,,,,0,0,0,
Madre de siete dolores,Florián Rodríguez,Siglo XX,Repertorio del coro (piloto),SATB/variable,A cappella / acompañado,Varios,Por definir,1,0,0,
Madrid (Chotis),Agustín Lara,Siglo XX,Repertorio del coro (piloto),SATB/variable,A cappella / acompañado,Varios,Por definir,1,1,0,
Magnificat,Arvo Pärt,,,SATB,,,,0,0,0,
Magnificat,John Rutter,,,SATB,,,,0,0,0,
Magnificat BWV 243,Johann Sebastian Bach,,,SSATB,,,,0,0,0,https://imslp.org/wiki/Magnificat_in_D_major%2C_BWV_243_%28Bach%2C_Johann_Sebastian%29
Maitechu mía,Jesús Guridi,Siglo XX,Canción vasca,SATB,,Euskera,,1,2,0,
Maitechu mía (arr. Alonso),Jesús Guridi,Siglo XX,Canción vasca,SATB,,Euskera,,1,1,0,
Manolito Chiquito,Tradicional de Extremadura,Tradicional,Repertorio del coro (piloto),SATB/variable,A cappella / acompañado,Varios,Por definir,1,1,0,
María la portuguesa,Cano,Contemporáneo,Popular,SATB,,Español,,1,1,0,
Mazurca de las sombrillas,Moreno Torroba,Zarzuela,Repertorio del coro (piloto),SATB/variable,A cappella / acompañado,Varios,Por definir,1,0,0,
Misa Brevis 'Aux,Chapelles' Charles Gounod,Romanticismo,Repertorio del coro (piloto),SATB/variable,A cappella / acompañado,Varios,Por definir,1,0,0,
Misa Brevis Aux Chapelles,Charles Gounod,,,SATB,,,,0,0,0,
Misa de Difuntos - Introitus,Anónimo,Tradicional,Réquiem,SATB,,Latín,,1,1,0,
Misa de Difuntos - Kyrie,Anónimo,Tradicional,Réquiem,SATB,,Latín,,1,1,0,
Misa de Difuntos - Sanctus,Anónimo,Tradicional,Réquiem,SATB,,Latín,,1,1,0,
Miserere,Antonio Lotti,Barroco,Repertorio del coro (piloto),SATB/variable,A cappella / acompañado,Varios,Por definir,1,1,0,https://imslp.org/wiki/Miserere_%28Lotti%2C_Antonio%29
Miserere mei Deus,Gregorio Allegri,,,SSATB,,,,0,0,0,
Missa de Angelis,Canto gregoriano,Medieval,Gregoriano,SATB,,Latín,,1,1,0,
Musica Dei donum,Orlande de Lassus,,,SATB,,,,0,0,0,https://imslp.org/wiki/Musica_Dei_donum_optimi%2C_LV_999_%28Lassus%2C_Orlande_de%29
Nada te turbe,Taizé,Contemporánea,Repertorio del coro (piloto),SATB/variable,A cappella / acompañado,Varios,Por definir,1,0,0,
Ninna Nanna Russa,Tradicional rusa,Tradicional,Nana,SATB,,Ruso,,1,1,0,
Nisi Dominus,Antonio Vivaldi,,,SATB,,,,0,0,0,https://imslp.org/wiki/Nisi_Dominus%2C_RV_803_%28Vivaldi%2C_Antonio%29
Noche de paz,Frank Gruber,Tradicional,Repertorio del coro (piloto),SATB/variable,A cappella / acompañado,Varios,Por definir,1,3,0,
Nocturnos de la Ventana,Lorca/Vila,Siglo XX,Repertorio del coro (piloto),SATB/variable,A cappella / acompañado,Varios,Por definir,1,1,0,
Northern Lights,Ola Gjeilo,,,SSAATTBB,,,,0,0,0,
Now is the month of Maying,Thomas Morley,,,SATB,,,,0,0,0,https://imslp.org/wiki/Now_is_the_Month_of_Maying_%28Morley%2C_Thomas%29
Nunc Dimittis,Sergei Rachmaninoff,,,SATB,,,,0,0,0,
O Haupt voll Blut und Wunden,Johann Sebastian Bach,,,SATB,,,,0,0,0,https://imslp.org/wiki/Choral%3A_O_Haupt_Voll_Blut_Und_Wunden_BWV244_%28Bach%2C_Johann_Sebastian%29
O Salutaris Hostia,César Franck,,,SATB,,,,0,0,0,
O Santíssima,Tradicional siciliano,Tradicional,Repertorio del coro (piloto),SATB/variable,A cappella / acompañado,Varios,Por definir,1,0,0,
O Tannenbaum,Tradicional alemán,Tradicional,Repertorio del coro (piloto),SATB/variable,A cappella / acompañado,Varios,Por definir,1,0,0,
O Vos omnes,Tomas Luis de Victoria,Renacimiento,Repertorio del coro (piloto),SATB/variable,A cappella / acompañado,Varios,Por definir,1,1,0,https://imslp.org/wiki/O_vos_omnes_%28Victoria%2C_Tom%C3%A1s_Luis_de%29
O bone Jesu,Giovanni Pierluigi da Palestrina,,,SATB,,,,0,0,0,https://imslp.org/wiki/O_bone_Jesu_%28Palestrina%2C_Giovanni_Pierluigi_da%29
O magnum mysterium,Tomas L. de Victoria,Renacimiento,Repertorio del coro (piloto),SATB/variable,A cappella / acompañado,Varios,Por definir,1,2,0,https://imslp.org/wiki/Missa_O_magnum_mysterium_%28Victoria%2C_Tom%C3%A1s_Luis_de%29
O nata lux,Thomas Tallis,,,SATB,,,,0,0,0,https://imslp.org/wiki/O_nata_lux_%28Tallis%2C_Thomas%29
O quam gloriosum,Tomás Luis de Victoria,,,SATB,,,,1,1,0,https://imslp.org/wiki/Missa_O_quam_gloriosum_%28Victoria%2C_Tom%C3%A1s_Luis_de%29
O sacrum convivium,Luigi Molfino,Siglo XX,Repertorio del coro (piloto),SATB/variable,A cappella / acompañado,Varios,Por definir,1,0,0,
Oh Happy Day,Edwin Hawkins (arr.),Contemporáneo,Gospel,SATB,,Inglés,,1,1,0,
Os justi,Anton Bruckner,,,SATB,,,,0,0,0,https://imslp.org/wiki/Os_justi%2C_WAB_30_%28Bruckner%2C_Anton%29
Os justi,Johannes Brahms,,,SATB,,,,0,0,0,
Panis Angelicus,César Franck,Romanticismo,Repertorio del coro (piloto),SATB/variable,A cappella / acompañado,Varios,Por definir,1,2,0,https://imslp.org/wiki/Panis_angelicus_%28Franck%2C_C%C3%A9sar%29
Pastores de Extremadura,Popular de Extremadura,Tradicional,Repertorio del coro (piloto),SATB/variable,A cappella / acompañado,Varios,Por definir,1,1,0,
Pater Noster,Nikolai Kedrov,Romanticismo,Repertorio del coro (piloto),SATB/variable,A cappella / acompañado,Varios,Por definir,1,0,0,https://imslp.org/wiki/Pater_noster_%28Kedrov%2C_Nikolai%29
Pie Jesu,A. Lloyd Webber,Siglo XX,Repertorio del coro (piloto),SATB/variable,A cappella / acompañado,Varios,Por definir,1,0,0,
Plegaria Virgen de la Victoria,Isidro Ortega,Siglo XX,Repertorio del coro (piloto),SATB/variable,A cappella / acompañado,Varios,Por definir,1,0,0,
Por mayo era por mayo,Tradicional española,Renacimiento,Romance,SATB,,Español,,1,1,0,
Pro Defunctis (Introitus),Anónimo,Barroco,Religioso,SATB,,Latín,,1,1,0,
Psalm 150,César Franck,,,SATB,,,,0,0,0,
Puer Natus in Bethlehem,Michael Praetorius,,,SATB,,,,0,0,0,https://imslp.org/wiki/Puer_natus_in_Bethlehem_%28Praetorius%2C_Michael%29
Pájaro Triguero,Jota extremeña,Tradicional,Repertorio del coro (piloto),SATB/variable,A cappella / acompañado,Varios,Por definir,1,0,0,
Requiem,Maurice Duruflé,,,SATB,,,,0,0,0,
Resonet in laudibus,Anónimo (s. XIV),,,SATB,,,,0,0,0,
Rex tremendae,Wolfgang Amadeus Mozart,,,SATB,,,,0,0,0,
"Richte mich, Gott",Felix Mendelssohn,,,SSAATTBB,,,,0,0,0,
"Riu, riu, chiu",Cancionero de Venecia,Renacimiento,Repertorio del coro (piloto),SATB/variable,A cappella / acompañado,Varios,Por definir,1,1,0,
Salmo 150,Ernani Aguiar,,,SATB,,,,0,0,0,
Salve Regina,Hilarión Eslava,Romanticismo,Religioso,SATB,,Latín,,1,1,0,
Salve Rociera,Tradicional de Huelva,Tradicional,Repertorio del coro (piloto),SATB/variable,A cappella / acompañado,Varios,Por definir,1,0,0,
Salve de Covadonga,Tradicional de Asturias,Tradicional,Repertorio del coro (piloto),SATB/variable,A cappella / acompañado,Varios,Por definir,1,0,0,
Salve de Trujillo,Joaquín Cuadrado Retamosa/José Iglesias,Tradicional,Repertorio del coro (piloto),SATB/variable,A cappella / acompañado,Varios,Por definir,1,0,0,
Sanctus (Los Planetas),Gustav Holst,Siglo XX,Orquestal-coral,SATB,,Latín,,1,1,0,
Sanctus (Missa Papae Marcelli),Giovanni Pierluigi da Palestrina,Renacimiento,Misa,SATB,,Latín,,1,1,0,
Sanctus Benedictus (Misa KV49),W.A. Mozart,Clasicismo,Repertorio del coro (piloto),SATB/variable,A cappella / acompañado,Varios,Por definir,1,3,0,
Sanctus Misa alemana,F. Schubert,Romanticismo,Repertorio del coro (piloto),SATB/variable,A cappella / acompañado,Varios,Por definir,1,0,0,
Santa María,A. Schweisser,Siglo XX,Repertorio del coro (piloto),SATB/variable,A cappella / acompañado,Varios,Por definir,1,1,0,
"Schaffe in mir, Gott",Johannes Brahms,,,SATB,,,,0,0,0,
Set me as a seal,René Clausen,,,SATB,,,,0,0,0,
She Walks in Beauty,Z. Randall Stroope,,,SATB,,,,0,0,0,
Sicut cervus,Giovanni Pierluigi da Palestrina,,,SATB,,,,0,0,0,https://imslp.org/wiki/Sicut_cervus%2C_PdPWV_Mot183_%28Palestrina%2C_Giovanni_Pierluigi_da%29
Signore delle,Cime Giuseppe de Marzi,Siglo XX,Repertorio del coro (piloto),SATB/variable,A cappella / acompañado,Varios,Por definir,1,0,0,
Silent Night (arr. Pentatonix),Franz Gruber (arr.),Contemporáneo,Villancico,SATB,,Inglés,,1,1,0,
Sing joyfully,William Byrd,,,SATB,,,,0,0,0,https://imslp.org/wiki/Sing_Joyfully_unto_God_Our_Strength%2C_T_208_%28Byrd%2C_William%29
Singet dem Herrn ein neues Lied,Johann Sebastian Bach,,,SATB,,,,0,0,0,https://imslp.org/wiki/Singet_dem_Herrn_ein_neues_Lied%2C_BWV_190_%28Bach%2C_Johann_Sebastian%29
Siyahamba,Tradicional zulú,Tradicional,Repertorio del coro (piloto),SATB/variable,A cappella / acompañado,Varios,Por definir,1,0,0,
Sleep,Eric Whitacre,,,SATB,,,,0,0,0,
Spem in alium,Thomas Tallis,,,40 voces,,,,0,0,0,https://imslp.org/wiki/Spem_in_alium_nunquam_habui_%28Tallis%2C_Thomas%29
Stabat Mater,Zoltán Kodály,Romanticismo,Repertorio del coro (piloto),SATB/variable,A cappella / acompañado,Varios,Por definir,1,0,0,
Stabat Mater D.175,F. Schubert,Romanticismo,Repertorio del coro (piloto),SATB/variable,A cappella / acompañado,Varios,Por definir,1,0,0,https://imslp.org/wiki/Stabat_Mater%2C_D.175_%28Schubert%2C_Franz%29
Stabat Mater D.383,F. Schubert,Romanticismo,Repertorio del coro (piloto),SATB/variable,A cappella / acompañado,Varios,Por definir,1,1,0,https://imslp.org/wiki/Stabat_Mater%2C_D.383_%28Schubert%2C_Franz%29
Super flumina Babylonis,Giovanni Pierluigi da Palestrina,,,SATB,,,,0,0,0,https://imslp.org/wiki/Super_flumina_Babylonis%2C_PdPWV_Mot176_%28Palestrina%2C_Giovanni_Pierluigi_da%29
Sure on this shining night,Samuel Barber,,,SATB,,,,0,0,0,
Tantum Ergo,Déodat de Séverac,,,SATB,,,,0,0,0,https://imslp.org/wiki/Tantum_ergo_%28S%C3%A9verac%2C_D%C3%A9odat_de%29
Tantum Ergo,Anton Bruckner,,,SATB,,,,0,0,0,https://imslp.org/wiki/4_Tantum_ergo%2C_WAB_41_%28Bruckner%2C_Anton%29
Tantum ergo,Gabriel Fauré,,,SATB,,,,0,0,0,https://imslp.org/wiki/Tantum_ergo_sacramentum_%28Faur%C3%A9%2C_Gabriel%29
Tantum ergo,César Franck,,,SATB,,,,0,0,0,https://imslp.org/wiki/Tantum_ergo_%28Franck%2C_C%C3%A9sar%29
Te llevaré,Albert Alcaraz,Contemporánea,Repertorio del coro (piloto),SATB/variable,A cappella / acompañado,Varios,Por definir,1,1,0,
Tenebrae factae sunt,Tomás Luis de Victoria,,,SATB,,,,0,0,0,https://imslp.org/wiki/Tenebrae_factae_sunt_%28Victoria%2C_Tom%C3%A1s_Luis_de%29
Tenebrae factae sunt,Francisco Guerrero,,,SATB,,,,0,0,0,
The Heavens are Telling,Joseph Haydn,,,SATB,,,,0,0,0,
The Lord bless you and keep you,John Rutter,,,SATB,,,,1,2,0,
The Seal Lullaby,Eric Whitacre,,,SATB,,,,0,0,0,
The Silver Swan,Orlando Gibbons,,,SATB,,,,0,0,0,https://imslp.org/wiki/The_Silver_Swan_%28Gibbons%2C_Orlando%29
The lion sleep tonight,Linda/Peretti,Siglo XX,Repertorio del coro (piloto),SATB/variable,A cappella / acompañado,Varios,Por definir,1,0,0,
This is the record of John,Orlando Gibbons,,,SATB,,,,0,0,0,https://imslp.org/wiki/This_Is_the_Record_of_John_%28Gibbons%2C_Orlando%29
Tollite Hostias (Oratorio),Camile Saint-Säens,Romanticismo,Repertorio del coro (piloto),SATB/variable,A cappella / acompañado,Varios,Por definir,1,0,0,
Tollite hostias,Camille Saint-Saëns,,,SATB,,,,1,1,0,
Totus tuus,Henryk Górecki,,,SATB,,,,0,0,0,
Triste España sin ventura,Juan del Encina,,,SATB,,,,0,0,0,
Tristis est anima mea,Orlande de Lassus,,,SATB,,,,0,0,0,https://imslp.org/wiki/Tristis_est_anima_mea%2C_LV_238_%28Lassus%2C_Orlande_de%29
Tu es Petrus,Giovanni Pierluigi da Palestrina,,,SATB,,,,0,0,0,https://imslp.org/wiki/Missa_Tu_es_Petrus%2C_IGP_62_%28Palestrina%2C_Giovanni_Pierluigi_da%29
Ubi Caritas,Ola Gjeilo,Contemporánea,Repertorio del coro (piloto),SATB/variable,A cappella / acompañado,Varios,Por definir,1,0,0,
Ukuthula,Tradicional sudafricana,Tradicional,Spiritual,SATB,,Zulú,,1,1,0,
Va pensiero (Coro,Esclavos) Giuseppe Verdi,Por definir,Repertorio del coro (piloto),SATB/variable,A cappella / acompañado,Varios,Por definir,1,0,0,
Va pensiero (Coro de los Esclavos),Giuseppe Verdi,Romanticismo,Repertorio del coro (piloto),SATB/variable,A cappella / acompañado,Varios,Por definir,1,0,0,
Veni Creator Spiritus,Giovanni Pierluigi da Palestrina,,,SATB,,,,0,0,0,https://imslp.org/wiki/Veni_creator_Spiritus%2C_IGP_100_%28Palestrina%2C_Giovanni_Pierluigi_da%29
Veni Creator Spiritus,Orlande de Lassus,,,SATB,,,,0,0,0,https://imslp.org/wiki/Veni_creator_spiritus%2C_LV_Anh.159_%28Lassus%2C_Orlande_de%29
Verbum Caro,Anónimo,Renacimiento,Motete,SATB,,Latín,,1,1,0,
Vere languores nostros,Tomás Luis de Victoria,,,SATB,,,,0,0,0,https://imslp.org/wiki/Vere_languores_nostros_%28Victoria%2C_Tom%C3%A1s_Luis_de%29
Verleih uns Frieden,Felix Mendelssohn,,,SATB,,,,0,0,0,https://imslp.org/wiki/Verleih_uns_Frieden_gn%C3%A4diglich%2C_WoO_5_%28Mendelssohn%2C_Felix%29
Versa est in luctum,Alonso Lobo,,,SATB,,,,0,0,0,https://imslp.org/wiki/Versa_est_in_luctum_%28Lobo%2C_Alonso%29
Villancico de la Vera,Tradicional de Cáceres,Tradicional,Repertorio del coro (piloto),SATB/variable,A cappella / acompañado,Varios,Por definir,1,1,0,
Virga Jesse,Anton Bruckner,,,SATB,,,,0,0,0,https://imslp.org/wiki/Virga_Jesse%2C_WAB_52_%28Bruckner%2C_Anton%29
Wana Baraka,Tradicional africana,Tradicional,Spiritual,SATB,,Swahili,,1,1,0,
Warum ist das Licht gegeben,Johannes Brahms,,,SATB,,,,0,0,0,
Water Night,Eric Whitacre,,,SSAATTBB,,,,0,0,0,
Wie lieblich sind deine Wohnungen,Johannes Brahms,,,SATB,,,,0,0,0,
Ya se van los quintos,Tradicional de Cáceres,Tradicional,Repertorio del coro (piloto),SATB/variable,A cappella / acompañado,Varios,Por definir,1,1,0,
Zadok the Priest,George Frideric Handel,,,SATB,,,,0,0,0,https://imslp.org/wiki/Zadok_the_Priest%2C_HWV_258_%28Handel%2C_George_Frideric%29
Zigeunerlieder,Johannes Brahms,,,SATB,,,,0,0,0,https://imslp.org/wiki/Zigeunerlieder_%28Brahms%2C_Johannes%29
Zorongo,Federico Vila,Siglo XX,Canción popular,SATB,,Español,,1,2,0,
